city,year,income,expend,gdp,deposit,gap,gap_to_gdp
上海,2024,8374.17,9874.84,53759.5,63910.99,1500.67,0.027914508133446182
上海,2023,8312.5,9638.51,51404.5,58319.93,1326.0100000000002,0.02579560155239328
上海,2022,7608.0,9393.0,48594.5,52638.0,1785.0,0.03673255203778206
上海,2021,7771.8,8430.86,47059.4,41150.4,659.0600000000004,0.014004853440545362
上海,2020,7046.3,8102.11,41603.9,36733.97,1055.8099999999995,0.025377668920461772
上海,2019,7165.1,8179.28,40241.2,31727.73,1014.1799999999994,0.02520252875162767
上海,2018,7108.15,8351.54,37769.1,27071.74,1243.3900000000012,0.03292082681345336
上海,2017,6642.26,7547.62,34378.3,24338.48,905.3599999999997,0.026335217273687168
上海,2016,6406.13,6918.94,30963.9,23639.8,512.8099999999995,0.01656154424991682
上海,2015,5519.5,6191.56,27821.6,23384.73,672.0600000000004,0.02415605141329041
上海,2014,4585.55,4923.44,25964.5,21269.3,337.8899999999994,0.013013537714956938
上海,2013,4109.51,4528.61,23809.4,20486.25,419.09999999999945,0.01760229153191594
上海,2012,3743.71,4184.02,21774.9,19506.7,440.3100000000004,0.02022098838571017
上海,2011,3429.83,3914.88,20406.1,17288.45,485.0500000000002,0.023769853132151672
上海,2010,2873.58,3302.89,18319.6,15650.24,429.30999999999995,0.023434463634577175
上海,2009,2540.3,2989.65,16181.4,13707.32,449.3499999999999,0.027769537864461662
上海,2008,2358.75,2593.92,14877.1,11464.15,235.17000000000007,0.015807516249806756
上海,2007,2074.48,2181.68,13179.8,8745.22,107.19999999999982,0.00813365908435635
上海,2006,1576.07,1795.57,10825.4,8730.0,219.5,0.020276387015722284
乌鲁木齐,2024,371.3,465.52,4502.16,5905.76,94.21999999999997,0.020927732466193998
乌鲁木齐,2023,369.79,504.05,4168.0,5306.0,134.26,0.03221209213051823
乌鲁木齐,2022,314.82,455.77,3893.22,4647.52,140.95,0.0362039648414423
乌鲁木齐,2021,377.93,419.59,3691.57,4027.86,41.65999999999997,0.011285171349859265
乌鲁木齐,2020,392.64,536.87,3337.0,3680.28,144.23000000000002,0.043221456397962245
乌鲁木齐,2019,472.46,620.28,3413.0,3171.71,147.82,0.04331087020216818
乌鲁木齐,2018,458.28,659.79,3099.77,2871.11,201.51,0.06500804898427948
乌鲁木齐,2017,400.78,458.58,2743.82,2600.39,57.80000000000001,0.02106552179078803
乌鲁木齐,2016,369.67,417.56,2458.98,2295.69,47.889999999999986,0.019475554904879254
乌鲁木齐,2015,368.67,446.66,2631.64,2157.31,77.99000000000001,0.029635512456111023
乌鲁木齐,2014,340.62,404.81,2461.47,1974.84,64.19,0.02607791279194953
乌鲁木齐,2013,301.9,353.2,2202.85,1896.3,51.30000000000001,0.02328801325555531
乌鲁木齐,2012,252.01,295.6,2004.1,1715.97,43.59000000000003,0.021750411656105
乌鲁木齐,2011,229.59,238.49,1690.03,1470.34,8.900000000000006,0.005266178706886863
乌鲁木齐,2010,147.99,159.61,1338.5,1242.85,11.620000000000005,0.008681359731042214
乌鲁木齐,2009,113.54,133.88,1095.0,1040.71,20.33999999999999,0.018575342465753413
乌鲁木齐,2008,100.98,99.35,1020.35,872.22,-1.6300000000000097,-0.001597491056990258
乌鲁木齐,2007,73.43,68.32,820.28,679.53,-5.110000000000014,-0.006229580143365697
乌鲁木齐,2006,57.04,49.53,654.3,678.16,-7.509999999999998,-0.01147791532935962
兰州,2024,251.91,547.64,3742.25,5639.54,295.73,0.07902465094528693
兰州,2023,255.33,502.92,3487.0,5130.17,247.59,0.07100372813306567
兰州,2022,220.98,498.8,3343.5,4569.26,277.82000000000005,0.08309256766861076
兰州,2021,276.73,484.59,3231.29,4082.97,207.85999999999996,0.06432725010754217
兰州,2020,247.13,486.24,2887.0,3859.63,239.11,0.08282299965361968
兰州,2019,233.23,456.66,2837.0,3571.18,223.43000000000004,0.07875572788156504
兰州,2018,253.32,465.64,2732.94,3244.08,212.32,0.07768922844994768
兰州,2017,234.2,429.36,2523.54,2949.27,195.16000000000003,0.07733580605023103
兰州,2016,215.48,424.16,2264.23,2796.24,208.68000000000004,0.092163781947947
兰州,2015,185.19,344.0,2095.99,2608.54,158.81,0.0757684912618858
兰州,2014,152.33,280.1,2000.94,2262.94,127.77000000000001,0.06385498815556688
兰州,2013,124.5,242.34,1776.28,2021.56,117.84,0.06634089220167992
兰州,2012,103.73,202.6,1563.8,1743.18,98.86999999999999,0.06322419746770687
兰州,2011,86.49,175.48,1360.03,1480.16,88.99,0.06543238016808453
兰州,2010,72.76,146.93,1100.4,1295.95,74.17,0.06740276263177027
兰州,2009,57.04,119.83,926.0,1089.97,62.79,0.06780777537796977
兰州,2008,50.86,99.66,846.28,823.83,48.8,0.05766413007515243
兰州,2007,46.63,83.3,732.76,649.66,36.669999999999995,0.05004367050603198
兰州,2006,33.14,63.13,638.47,687.75,29.990000000000002,0.0469716666405626
北京,2024,6372.68,8396.49,49670.2,70398.15,2023.8099999999995,0.040744953714702166
北京,2023,6181.1,7971.25,47353.7,64020.36,1790.1499999999996,0.03780380413779704
北京,2022,5714.36,7469.15,45222.4,56915.76,1754.79,0.03880355752901217
北京,2021,5932.31,7205.12,44350.7,47184.31,1272.8099999999995,0.028698757855005662
北京,2020,5483.89,7116.18,38503.6,42888.77,1632.29,0.042393178819642836
北京,2019,5817.1,7408.19,37767.0,37309.68,1591.0899999999992,0.04212910742182326
北京,2018,5785.92,7471.43,35161.4,34018.96,1685.5100000000002,0.04793637340947744
北京,2017,5430.79,6824.53,31325.9,28962.2,1393.7399999999998,0.04449161875636453
北京,2016,5081.26,6406.77,28438.7,28012.03,1325.5100000000002,0.04660937384620254
北京,2015,4723.86,5737.7,26034.1,23913.97,1013.8400000000001,0.03894277121160325
北京,2014,4027.16,4524.67,23577.5,24158.4,497.5100000000002,0.021101049729615108
北京,2013,3661.11,4173.66,21746.0,23086.41,512.5499999999997,0.023569851926791122
北京,2012,3314.93,3685.31,19568.3,21644.9,370.3800000000001,0.0189275511924899
北京,2011,3006.28,3245.23,17653.3,19126.14,238.94999999999982,0.01353571286954846
北京,2010,2353.93,2717.32,15420.2,17003.11,363.3900000000003,0.023565842206975288
北京,2009,2026.81,2319.37,13335.7,14672.1,292.55999999999995,0.021938105986187447
北京,2008,1837.32,1959.29,12167.6,11952.84,121.97000000000003,0.0100241625299977
北京,2007,1492.64,1649.5,10730.4,9155.34,156.8599999999999,0.01461828077238499
北京,2006,1117.15,1296.84,8618.9,8705.6,179.68999999999983,0.020848368121221948
南京,2024,1596.02,1705.26,18500.81,17091.85,109.24000000000001,0.005904606338857596
南京,2023,1619.98,1838.7,17421.0,15228.95,218.72000000000003,0.0125549624016991
南京,2022,1558.21,1828.69,16907.85,13078.05,270.48,0.015997303027883502
南京,2021,1729.52,1817.73,16356.0,10636.78,88.21000000000004,0.005393127904133042
南京,2020,1637.7,1754.62,14818.0,9499.25,116.91999999999985,0.007890403563233894
南京,2019,1580.03,1658.07,14031.0,8299.64,78.03999999999996,0.0055619699237402865
南京,2018,1470.02,1532.72,12820.4,6914.84,62.700000000000045,0.004890643037658735
南京,2017,1271.91,1354.09,11715.1,6019.7,82.17999999999984,0.0070148782340739586
南京,2016,1142.6,1173.84,10503.02,5894.47,31.24000000000001,0.0029743826061456617
南京,2015,1020.03,1045.57,9720.77,5535.53,25.539999999999964,0.0026273638816678062
南京,2014,903.49,921.2,8820.75,5055.77,17.710000000000036,0.002007765779553897
南京,2013,831.31,850.91,8011.78,4883.29,19.600000000000023,0.002446397679417061
南京,2012,733.02,769.66,7201.6,4465.37,36.639999999999986,0.0050877582759386785
南京,2011,635.0,666.21,6145.52,3910.2,31.210000000000036,0.005078496205365866
南京,2010,518.8,542.18,5130.7,3511.85,23.379999999999995,0.004556883076383339
南京,2009,434.51,461.27,4230.0,3056.35,26.75999999999999,0.006326241134751771
南京,2008,386.56,404.67,3775.0,2505.33,18.110000000000014,0.004797350993377487
南京,2007,330.19,342.94,3283.73,1951.16,12.75,0.003882779643880587
南京,2006,246.44,262.46,2773.78,1834.88,16.019999999999982,0.005775512117038835
南宁,2024,381.16,796.99,5995.36,6713.22,415.83,0.0693586373462144
南宁,2023,400.88,816.48,5469.0,6117.13,415.6,0.07599195465350156
南宁,2022,392.68,838.93,5218.35,5521.82,446.24999999999994,0.0855155365201644
南宁,2021,392.0,778.0,5120.94,4878.8,386.0,0.0753767862931415
南宁,2020,372.25,819.86,4726.0,4415.35,447.61,0.09471223021582734
南宁,2019,370.93,789.2,4507.0,3960.31,418.27000000000004,0.092804526292434
南宁,2018,358.96,697.99,4026.91,3542.83,339.03000000000003,0.08419110434551555
南宁,2017,332.15,646.37,4118.83,3176.69,314.22,0.07628865478788881
南宁,2016,312.79,586.98,3703.33,2924.55,274.19,0.07403877051194466
南宁,2015,297.05,526.72,3410.09,2700.37,229.67000000000002,0.06735012858898153
南宁,2014,274.85,465.78,3148.3,2529.86,190.92999999999995,0.06064542769113488
南宁,2013,256.25,418.4,2803.54,2321.16,162.14999999999998,0.057837591045606616
南宁,2012,229.72,376.51,2503.2,1863.8,146.79,0.058640939597315436
南宁,2011,186.29,302.31,2211.4,1581.03,116.02000000000001,0.05246450212535046
南宁,2010,156.1,261.28,1800.3,1375.89,105.17999999999998,0.0584235960673221
南宁,2009,120.46,203.55,1525.0,1116.2,83.09000000000002,0.054485245901639355
南宁,2008,191.17,166.08,1316.21,88.65,-25.089999999999975,-0.019062307686463387
南宁,2007,70.15,118.0,1069.01,714.79,47.849999999999994,0.04476104058895613
南宁,2006,56.62,93.08,870.15,681.45,36.46,0.0419008216974085
南昌,2024,526.21,940.07,7800.37,7516.14,413.86,0.053056457578294365
南昌,2023,500.18,925.55,7213.0,6641.74,425.36999999999995,0.05897268820185775
南昌,2022,457.68,939.04,7203.5,5750.37,481.35999999999996,0.06682307211772055
南昌,2021,484.83,870.01,6650.53,4737.98,385.18,0.05791718855489713
南昌,2020,483.86,838.17,5746.0,4278.65,354.30999999999995,0.06166202575704837
南昌,2019,477.0,834.11,5596.0,3618.06,357.11,0.06381522516082917
南昌,2018,461.75,752.41,5274.67,3132.05,290.65999999999997,0.05510486911977431
南昌,2017,417.08,653.12,5003.19,2869.84,236.04000000000002,0.04717790049948134
南昌,2016,402.18,583.26,4354.99,2722.42,181.07999999999998,0.041579888817195904
南昌,2015,389.34,543.18,4000.01,2491.39,153.83999999999997,0.03845990385024037
南昌,2014,342.21,473.16,3667.96,2149.33,130.95000000000005,0.03570104363188258
南昌,2013,291.91,419.37,3336.03,2051.16,127.45999999999998,0.038207090463814763
南昌,2012,240.02,345.51,3000.5,1853.57,105.48999999999998,0.035157473754374266
南昌,2011,187.03,299.37,2688.87,1603.96,112.34,0.04177963233626022
南昌,2010,146.47,232.03,2200.1,1417.58,85.56,0.038889141402663516
南昌,2009,115.88,181.75,1838.0,1181.82,65.87,0.03583786724700762
南昌,2008,102.15,148.17,1660.08,955.4,46.01999999999998,0.027721555587682512
南昌,2007,87.22,116.86,1389.89,744.57,29.64,0.021325428631042743
南昌,2006,68.11,93.37,1183.9,733.85,25.260000000000005,0.021336261508573363
厦门,2024,933.35,1059.2,8589.01,6546.18,125.85000000000002,0.014652445392425904
厦门,2023,932.14,1084.65,8066.0,5963.18,152.5100000000001,0.01890776097198117
厦门,2022,883.81,1088.74,7802.66,5213.39,204.93000000000006,0.026264120184654984
厦门,2021,880.96,1060.0,7033.89,4197.79,179.03999999999996,0.025453909572085993
厦门,2020,783.94,976.91,6384.0,3684.39,192.9699999999999,0.030227130325814523
厦门,2019,768.38,912.98,5995.0,3062.0,144.60000000000002,0.02412010008340284
厦门,2018,754.54,892.5,4791.41,2610.18,137.96000000000004,0.028793194487635173
厦门,2017,696.87,797.1,4351.7,2292.06,100.23000000000002,0.023032378151067404
厦门,2016,647.94,758.64,3784.27,2172.0,110.69999999999993,0.029252669603384518
厦门,2015,606.1,651.17,3466.03,2050.27,45.069999999999936,0.013003349653638294
厦门,2014,543.8,548.25,3273.58,1972.02,4.4500000000000455,0.0013593680313296287
厦门,2013,490.6,516.74,3018.16,1950.1,26.139999999999986,0.008660905982452881
厦门,2012,422.91,460.98,2817.1,1680.19,38.06999999999999,0.013513897270242445
厦门,2011,370.77,389.07,2539.31,1558.74,18.30000000000001,0.007206682130184976
厦门,2010,289.17,306.95,2060.1,1384.67,17.779999999999973,0.008630648997621462
厦门,2009,240.56,268.05,1737.0,1158.1,27.49000000000001,0.015826137017846867
厦门,2008,220.23,238.09,1560.02,929.44,17.860000000000014,0.011448571172164468
厦门,2007,186.53,198.66,1387.85,740.0,12.129999999999995,0.008740137622941959
厦门,2006,136.17,159.13,1168.02,680.82,22.960000000000008,0.019657197650725166
合肥,2024,955.01,1581.06,13507.69,10785.84,626.05,0.04634767306623116
合肥,2023,929.63,1411.34,12674.0,9387.14,481.7099999999999,0.03800773236547261
合肥,2022,909.25,1380.18,12013.1,7958.04,470.93000000000006,0.03920137183574598
合肥,2021,844.22,1223.72,11412.8,6394.14,379.5,0.03325213795037151
合肥,2020,762.9,1164.35,10046.0,5589.4,401.44999999999993,0.03996117857853872
合肥,2019,745.99,1122.67,9409.0,4667.22,376.68000000000006,0.040034009990434695
合肥,2018,712.49,1004.91,7822.91,4003.41,292.41999999999996,0.03737995196161019
合肥,2017,655.9,965.34,7213.45,3489.18,309.44000000000005,0.04289764259820198
合肥,2016,614.85,859.85,6274.38,3281.26,245.0,0.0390476827989379
合肥,2015,571.54,772.66,5660.27,3018.54,201.12,0.035531873921208705
合肥,2014,500.34,698.79,5157.97,2539.5,198.45,0.038474438587273674
合肥,2013,438.62,630.89,4672.91,2355.77,192.26999999999998,0.0411456672608717
合肥,2012,389.5,572.1,4164.3,2065.57,182.60000000000002,0.04384890617870951
合肥,2011,338.51,474.89,3636.6,1689.54,136.38,0.037502062365946214
合肥,2010,259.43,317.72,2701.6,1233.73,58.29000000000002,0.021576103050044426
合肥,2009,180.9,245.86,2102.0,1031.81,64.96000000000001,0.03090390104662227
合肥,2008,222.08,222.25,1664.84,852.83,0.1699999999999875,0.00010211191465845817
合肥,2007,169.32,167.08,1334.61,673.09,-2.2399999999999807,-0.001678392938761122
合肥,2006,79.4,102.89,1073.76,624.56,23.489999999999995,0.021876396960214567
呼和浩特,2024,255.12,581.61,4107.08,3771.45,326.49,0.07949443400177256
呼和浩特,2023,238.06,592.97,3802.0,3903.7,354.91,0.09334823776959496
呼和浩特,2022,230.87,420.98,3329.1,3372.46,190.11,0.05710552401549969
呼和浩特,2021,228.92,420.75,3121.43,2893.1,191.83,0.06145580711404709
呼和浩特,2020,217.1,438.57,2801.0,2623.75,221.47,0.07906818993216708
呼和浩特,2019,203.12,417.92,2791.0,2391.64,214.8,0.07696166248656396
呼和浩特,2018,204.72,356.74,2903.5,2174.09,152.02,0.05235749956948511
呼和浩特,2017,201.5,403.04,2743.72,1953.41,201.54000000000002,0.07345501727581533
呼和浩特,2016,269.65,419.97,3173.59,1866.01,150.32000000000005,0.04736591683235706
呼和浩特,2015,247.4,360.65,3090.52,1683.96,113.24999999999997,0.03664431875541979
呼和浩特,2014,211.54,310.91,2894.05,1480.88,99.37000000000003,0.0343359651699176
呼和浩特,2013,182.02,294.84,2710.39,1414.62,112.81999999999996,0.04162500599544714
呼和浩特,2012,178.64,275.32,2475.6,1243.27,96.68,0.03905315883018259
呼和浩特,2011,151.43,255.67,2177.27,1053.68,104.23999999999998,0.04787646915632879
呼和浩特,2010,126.76,177.28,1865.7,929.81,50.519999999999996,0.02707830840971217
呼和浩特,2009,106.79,165.16,1644.0,775.89,58.36999999999999,0.03550486618004865
呼和浩特,2008,82.25,133.18,1316.37,640.56,50.93000000000001,0.03868973009108382
呼和浩特,2007,57.96,100.51,1101.13,511.38,42.550000000000004,0.03864212218357505
呼和浩特,2006,45.52,75.5,900.08,453.08,29.979999999999997,0.0333081503866323
哈尔滨,2024,337.84,1257.56,6016.33,12056.26,919.72,0.15287060383988246
哈尔滨,2023,313.07,1080.7,5576.0,11005.59,767.6300000000001,0.13766678622668582
哈尔滨,2022,,,5490.1,9645.65,,
哈尔滨,2021,365.81,992.08,5351.66,8187.2,626.27,0.11702350298785798
哈尔滨,2020,339.57,1162.25,5184.0,7311.39,822.6800000000001,0.158695987654321
哈尔滨,2019,370.91,1101.14,5249.0,6291.84,730.23,0.1391179272242332
哈尔滨,2018,384.37,962.17,6300.48,5394.26,577.8,0.0917072984915435
哈尔滨,2017,368.1,958.47,6355.05,4938.37,590.37,0.09289777421106049
哈尔滨,2016,376.24,876.29,6101.61,4671.9,500.04999999999995,0.08195377941231904
哈尔滨,2015,407.73,824.84,5751.21,4370.42,417.11,0.072525607654737
哈尔滨,2014,423.52,740.08,5340.07,3768.82,316.56000000000006,0.05928012179615624
哈尔滨,2013,402.28,709.78,5017.05,3593.56,307.5,0.061290997697850326
哈尔滨,2012,354.72,643.58,4550.2,3320.67,288.86,0.06348292382752407
哈尔滨,2011,300.32,557.14,4242.19,2896.57,256.82,0.06053948550159234
哈尔滨,2010,238.14,452.97,3664.9,2580.14,214.83000000000004,0.05861824333542526
哈尔滨,2009,193.36,348.41,3175.0,2249.55,155.05,0.04883464566929134
哈尔滨,2008,164.01,301.27,2868.19,1916.76,137.26,0.047855964911669026
哈尔滨,2007,132.05,232.38,2436.8,1541.1,100.32999999999998,0.04117284963887064
哈尔滨,2006,118.29,194.68,2094.08,1563.83,76.39,0.036479026589242056
大连,2024,774.77,1085.14,9516.87,12401.49,310.3700000000001,0.03261261318059405
大连,2023,750.24,1013.5,8753.0,11390.73,263.26,0.03007654518450817
大连,2022,669.77,991.08,8430.95,10070.22,321.31000000000006,0.038110770435122975
大连,2021,737.6,980.05,7825.95,8686.07,242.44999999999993,0.03098026437684881
大连,2020,702.68,1001.98,7030.0,7843.76,299.30000000000007,0.042574679943101004
大连,2019,692.84,1016.28,7002.0,6842.29,323.43999999999994,0.046192516423878886
大连,2018,703.99,1001.49,7668.48,6039.97,297.5,0.0387951719245535
大连,2017,657.64,919.84,7363.92,5414.5,262.20000000000005,0.035606035915653624
大连,2016,611.9,870.28,6810.2,5277.66,258.38,0.03794014860062847
大连,2015,579.91,910.69,7731.64,5107.89,330.7800000000001,0.04278264378579449
大连,2014,780.86,989.46,7655.58,4666.71,208.60000000000002,0.0272480987723987
大连,2013,850.16,1083.54,7650.79,4483.77,233.38,0.030504039452135007
大连,2012,750.11,890.96,7002.8,4160.47,140.85000000000002,0.020113383218141316
大连,2011,651.13,734.94,6150.63,3672.21,83.81000000000006,0.013626246417033711
大连,2010,500.83,611.47,5158.2,3374.82,110.64000000000004,0.021449342793997916
大连,2009,400.23,471.16,4350.0,2930.65,70.93,0.016305747126436784
大连,2008,339.07,410.0,3858.25,2388.97,70.93,0.018383982375429278
大连,2007,267.98,344.57,3130.68,1836.99,76.58999999999997,0.024464333627199197
大连,2006,196.14,266.52,2569.67,1866.49,70.38,0.027388730848708197
天津,2024,2134.2,3627.18,17931.3,24069.63,1492.98,0.08326111324889997
天津,2023,2027.51,3280.42,17211.8,21996.82,1252.91,0.07279366481135036
天津,2022,1846.69,2729.83,16588.5,19211.25,883.1399999999999,0.053238086626277235
天津,2021,2141.06,3152.55,16093.2,16244.12,1011.4900000000002,0.0628520120299257
天津,2020,1923.11,3151.35,14230.8,14865.71,1228.24,0.08630857014363212
天津,2019,2410.41,3555.71,14097.2,12639.64,1145.3000000000002,0.08124308373293988
天津,2018,2106.24,3103.16,13411.1,10746.17,996.9200000000001,0.07433543855463012
天津,2017,2310.36,3282.54,12468.2,9558.05,972.1799999999998,0.07797276270832998
天津,2016,2723.5,3699.43,11487.0,9125.38,975.9299999999998,0.08495951945677721
天津,2015,2667.11,3232.35,10889.2,8743.79,565.2399999999998,0.05190831282371522
天津,2014,2390.35,2884.7,10749.2,7916.9,494.3499999999999,0.04598946898373831
天津,2013,2079.07,2549.21,10075.2,7612.31,470.1399999999999,0.046663093536604715
天津,2012,1760.02,2143.21,9193.0,7055.4,383.19000000000005,0.04168280213205701
天津,2011,1455.13,1796.33,8240.8,6123.08,341.1999999999998,0.041403747209008815
天津,2010,1068.81,1376.84,6991.6,5558.23,308.03,0.04405715429944504
天津,2009,821.99,1124.28,5828.6,4885.86,302.28999999999996,0.05186322616065606
天津,2008,675.62,867.72,5278.3,3978.04,192.10000000000002,0.03639429361726314
天津,2007,540.44,674.33,4229.8,3083.07,133.89,0.03165397891153245
天津,2006,417.05,543.12,3592.5,2808.1,126.07,0.03509255393180236
太原,2024,440.26,744.38,5418.87,9741.2,304.12,0.05612240190297978
太原,2023,449.24,777.26,5574.0,8825.19,328.02,0.058848223896663075
太原,2022,437.48,715.9,5571.17,7761.93,278.41999999999996,0.049975139871876094
太原,2021,423.44,628.99,5121.61,6566.4,205.55,0.040133864155997824
太原,2020,378.44,647.34,4153.0,5896.93,268.90000000000003,0.06474837466891405
太原,2019,386.62,610.55,4029.0,5252.08,223.92999999999995,0.05557954827500619
太原,2018,373.23,542.46,3884.48,4767.46,169.23000000000002,0.043565676744377634
太原,2017,311.85,479.06,3382.18,4384.88,167.20999999999998,0.04943852781342211
太原,2016,282.69,424.07,2955.6,3661.76,141.38,0.047834619028285286
太原,2015,274.24,419.99,2735.34,3432.12,145.75,0.05328405243955047
太原,2014,258.85,322.69,2531.09,3325.78,63.839999999999975,0.02522233504142483
太原,2013,247.33,319.11,2412.87,3307.99,71.78,0.02974880536456585
太原,2012,215.67,277.44,2311.4,3021.5,61.77000000000001,0.02672406333823657
太原,2011,174.72,239.31,2080.12,2775.57,64.59,0.031051093206161187
太原,2010,138.48,189.64,1778.1,2386.79,51.16,0.02877228502333952
太原,2009,117.53,159.91,1545.0,2085.0,42.379999999999995,0.02743042071197411
太原,2008,116.92,152.86,1468.09,1728.92,35.94000000000001,0.024480787962590858
太原,2007,88.42,155.8,1254.94,1307.24,67.38000000000001,0.05369180996701038
太原,2006,75.33,95.42,1013.65,1183.95,20.090000000000003,0.019819464312139302
宁波,2024,1790.47,2230.37,18147.7,16255.52,439.89999999999986,0.024239986334356412
宁波,2023,1785.86,2235.09,16453.0,14282.01,449.23000000000025,0.02730383516683889
宁波,2022,1680.23,2187.81,15704.3,11749.75,507.5799999999999,0.03232108403430907
宁波,2021,1723.14,1944.42,14594.92,9387.31,221.27999999999997,0.015161439733825192
宁波,2020,1510.84,1742.09,12409.0,8522.07,231.25,0.01863566766056894
宁波,2019,1468.51,1767.89,11985.0,7475.47,299.3800000000001,0.02497955778055904
宁波,2018,1379.69,1594.1,10745.46,6561.26,214.40999999999985,0.019953543170790258
宁波,2017,1245.29,1410.6,9842.1,5902.68,165.30999999999995,0.016796212190487797
宁波,2016,1114.54,1289.26,8686.49,5689.44,174.72000000000003,0.020113993108839132
宁波,2015,1006.41,1252.64,8003.61,5302.84,246.23000000000013,0.030764867353606704
宁波,2014,860.61,1000.86,7610.28,4780.31,140.25,0.018429019694413348
宁波,2013,792.81,939.89,7128.87,4562.36,147.08000000000004,0.020631600800687912
宁波,2012,725.5,828.44,6582.2,4175.96,102.94000000000005,0.015639148005226224
宁波,2011,657.55,750.72,6059.24,3696.28,93.17000000000007,0.015376515866676361
宁波,2010,530.93,600.74,5163.0,3312.17,69.81000000000006,0.013521208599651377
宁波,2009,432.8,506.08,4329.0,2901.76,73.27999999999997,0.016927696927696922
宁波,2008,390.39,439.41,3964.05,2365.15,49.02000000000004,0.012366140689446409
宁波,2007,329.12,371.04,3435.0,1856.08,41.920000000000016,0.012203784570596803
宁波,2006,257.38,292.7,2874.44,1752.04,35.31999999999999,0.012287610804191423
广州,2024,1954.74,2782.5,31032.5,32394.04,827.76,0.026673970837025697
广州,2023,1945.06,2971.65,30356.0,29714.95,1026.5900000000001,0.033818355514560555
广州,2022,1855.1,3022.45,28839.0,26479.87,1167.35,0.04047817191996948
广州,2021,1884.26,3021.18,28231.97,22768.53,1136.9199999999998,0.04027065769763852
广州,2020,1722.79,2952.65,25019.0,20774.13,1229.8600000000001,0.049157040649106684
广州,2019,1699.04,2865.33,23629.0,17980.56,1166.29,0.04935841550636929
广州,2018,1634.22,2506.18,22859.35,16042.06,871.9599999999998,0.038144566665281376
广州,2017,1536.74,2186.01,21503.15,14625.63,649.2700000000002,0.03019418085257277
广州,2016,1393.64,1943.75,19547.44,13995.79,550.1099999999999,0.02814230405618331
广州,2015,1349.47,1727.72,18100.41,13602.38,378.25,0.0208973166906164
广州,2014,1243.1,1436.22,16706.87,12825.64,193.12000000000012,0.011559316616457788
广州,2013,1141.8,1386.13,15420.14,12496.69,244.33000000000015,0.015844862627706374
广州,2012,1102.4,1343.65,13551.2,11310.69,241.25,0.017802851407993387
广州,2011,979.48,1181.25,12423.44,10032.62,201.76999999999998,0.01624107332590651
广州,2010,872.65,977.32,10748.3,9302.33,104.67000000000007,0.009738284193779489
广州,2009,702.65,789.92,9138.0,8214.21,87.26999999999998,0.009550229809586341
广州,2008,621.84,713.35,8215.82,7111.27,91.50999999999999,0.01113826739144723
广州,2007,523.79,623.69,7109.18,5855.79,99.90000000000009,0.014052253565108787
广州,2006,427.08,506.79,6073.83,5562.36,79.71000000000004,0.013123515146126915
成都,2024,1949.5,2610.39,23511.34,28991.89,660.8899999999999,0.028109414435757377
成都,2023,1929.06,2586.83,22075.0,25768.94,657.77,0.02979705549263873
成都,2022,1722.43,2435.01,20817.5,22402.78,712.5800000000002,0.034229854689564077
成都,2021,1697.63,2237.69,19916.98,19020.46,540.06,0.02711555667576108
成都,2020,1520.38,2159.48,17717.0,17084.99,639.0999999999999,0.03607269853812722
成都,2019,1482.96,2006.95,17013.0,14900.55,523.99,0.030799388702756714
成都,2018,1424.16,1837.42,15342.77,13141.47,413.26,0.026935162294683422
成都,2017,1275.53,1756.66,13889.39,11970.84,481.1300000000001,0.03464011018482454
成都,2016,1175.41,1595.89,12170.23,10808.0,420.48,0.03454988114439908
成都,2015,1157.64,1468.42,10801.16,9922.18,310.78,0.028772835510260008
成都,2014,1025.17,1340.0,10056.59,8976.94,314.8299999999999,0.0313058402500251
成都,2013,898.54,1161.75,9108.89,8151.59,263.21000000000004,0.028895946707008215
成都,2012,780.9,983.85,8138.9,7060.03,202.95000000000005,0.024935802135423714
成都,2011,680.69,857.87,6854.58,5944.77,177.17999999999995,0.02584841084355277
成都,2010,526.94,777.38,5551.3,5071.37,250.43999999999994,0.04511375713796767
成都,2009,387.36,600.97,4503.0,4233.71,213.61,0.04743726404619143
成都,2008,354.69,506.43,3900.99,3264.79,151.74,0.03889781824613752
成都,2007,286.38,356.05,3324.17,2466.4,69.67000000000002,0.02095861523327628
成都,2006,186.77,252.24,2750.48,2411.45,65.47,0.023803118001221604
拉萨,2024,120.64,465.35,990.04,792.11,344.71000000000004,0.3481778513999435
拉萨,2023,109.14,452.12,835.0,717.53,342.98,0.4107544910179641
拉萨,2022,72.47,355.33,747.57,631.68,282.86,0.37837259387080807
拉萨,2021,106.94,318.38,741.84,557.07,211.44,0.2850210287932708
拉萨,2020,107.26,349.66,678.0,530.61,242.40000000000003,0.35752212389380533
拉萨,2019,117.04,365.41,618.0,471.78,248.37,0.40189320388349514
拉萨,2018,110.1,300.12,540.78,461.42,190.02,0.35138133806723626
拉萨,2017,89.63,257.47,479.25,442.69,167.84000000000003,0.3502138758476787
拉萨,2016,70.79,248.11,424.95,408.87,177.32,0.41727262030827156
拉萨,2015,62.42,200.4,376.73,341.19,137.98000000000002,0.3662570010352242
拉萨,2014,64.79,169.49,347.45,559.28,104.7,0.3013383220607282
拉萨,2013,50.16,131.92,304.87,,81.75999999999999,0.26817987994883064
拉萨,2012,34.36,106.9,260.1,,72.54,0.27889273356401384
拉萨,2011,23.43,75.63,222.42,178.3,52.199999999999996,0.23469112489884003
拉萨,2010,15.02,51.35,,,36.33,
拉萨,2009,10.05,37.73,163.0,127.3,27.679999999999996,0.16981595092024537
拉萨,2008,8.03,33.02,142.05,104.45,24.990000000000002,0.17592397043294614
拉萨,2007,5.75,24.62,121.91,90.47,18.87,0.1547863177754081
拉萨,2006,3.9,15.69,,,11.79,
昆明,2024,547.22,842.85,8275.22,9095.97,295.63,0.03572472997696738
昆明,2023,558.0,837.79,7865.0,8288.85,279.78999999999996,0.03557406230133502
昆明,2022,505.25,863.32,7541.37,7391.22,358.07000000000005,0.04748076277917673
昆明,2021,689.12,928.16,7222.5,6495.44,239.03999999999996,0.03309657320872274
昆明,2020,650.47,875.05,6734.0,5962.79,224.57999999999993,0.03335016335016334
昆明,2019,630.03,820.86,6476.0,5355.45,190.83000000000004,0.029467263743051274
昆明,2018,595.63,756.8,5206.9,4882.51,161.16999999999996,0.030953158309166676
昆明,2017,560.86,775.9,4857.64,4431.4,215.03999999999996,0.044268410174488015
昆明,2016,530.0,688.4,4300.08,3540.71,158.39999999999998,0.03683652397164704
昆明,2015,502.22,615.49,3968.01,3429.53,113.26999999999998,0.028545794995476315
昆明,2014,477.97,593.66,3712.99,3495.8,115.68999999999994,0.03115817710255076
昆明,2013,450.75,585.76,3415.31,3355.28,135.01,0.03953081857869417
昆明,2012,378.4,525.54,3011.1,2967.02,147.14,0.048865862973664104
昆明,2011,317.69,441.73,2509.58,2615.65,124.04000000000002,0.04942659727922601
昆明,2010,253.83,346.31,2120.4,2341.54,92.47999999999999,0.04361441237502357
昆明,2009,,,1809.0,,,
昆明,2008,174.99,233.49,1511.68,1547.11,58.5,0.03869866638441998
昆明,2007,133.1,164.65,1405.05,1212.17,31.55000000000001,0.022454716913988836
昆明,2006,103.72,133.68,1207.29,1156.07,29.960000000000008,0.02481591001333566
杭州,2024,2640.33,2690.35,21860.32,25545.54,50.01999999999998,0.002288164125685259
杭州,2023,2616.81,2636.23,20059.0,23199.39,19.420000000000073,0.0009681439752729484
杭州,2022,2450.61,2542.09,18753.07,19598.76,91.48000000000002,0.004878134620091538
杭州,2021,2386.59,2392.04,18109.42,15623.01,5.449999999999818,0.00030094834621980266
杭州,2020,2093.39,2069.66,16106.0,14193.63,-23.730000000000018,-0.001473363963740222
杭州,2019,1965.97,1952.85,15373.0,11677.34,-13.120000000000118,-0.0008534443504846236
杭州,2018,1825.06,1717.08,13509.15,9981.24,-107.98000000000002,-0.007993100972303959
杭州,2017,1567.42,1540.92,12603.36,8502.96,-26.5,-0.0021026139061329674
杭州,2016,1402.38,1404.31,11313.72,8313.13,1.9299999999998363,0.000170589337547671
杭州,2015,1233.88,1205.48,10050.21,7507.09,-28.40000000000009,-0.002825811599956627
杭州,2014,1027.32,961.18,9206.16,6694.55,-66.13999999999999,-0.007184320063957175
杭州,2013,945.2,855.74,8343.52,6339.75,-89.46000000000004,-0.01072209331313403
杭州,2012,859.99,786.28,7802.0,6022.08,-73.71000000000004,-0.009447577544219436
杭州,2011,785.15,747.51,7019.06,5519.17,-37.639999999999986,-0.005362541422925575
杭州,2010,671.34,616.58,5949.2,4990.97,-54.75999999999999,-0.00920459893767229
杭州,2009,520.79,490.4,5088.0,4286.92,-30.389999999999986,-0.005972877358490563
杭州,2008,455.35,419.67,4781.16,3420.65,-35.68000000000001,-0.007462624133055578
杭州,2007,391.62,335.72,4100.17,2578.78,-55.89999999999998,-0.013633581046639524
杭州,2006,301.39,275.48,3441.51,2473.69,-25.909999999999968,-0.0075286720073456034
武汉,2024,1667.31,2481.0,21106.23,18248.58,813.69,0.03855212418323879
武汉,2023,1601.2,2204.08,20012.0,16208.08,602.8799999999999,0.030125924445332793
武汉,2022,1504.74,2223.15,18866.43,13923.74,718.4100000000001,0.03807874621748789
武汉,2021,1578.65,2215.97,17716.76,11498.18,637.3199999999997,0.03597271735915595
武汉,2020,1230.29,2407.81,15616.0,10213.24,1177.52,0.0754047131147541
武汉,2019,1564.12,2237.1,16223.0,8992.96,672.98,0.04148307957837638
武汉,2018,1528.7,1929.31,14847.29,7728.5,400.6099999999999,0.026982028370160473
武汉,2017,1402.93,1728.28,13410.34,6879.71,325.3499999999999,0.024261129844582605
武汉,2016,1322.1,1524.68,11912.61,6464.88,202.58000000000015,0.017005509288056952
武汉,2015,1245.63,1338.05,10905.6,6059.03,92.41999999999985,0.008474545187793413
武汉,2014,1101.02,1175.1,10069.48,5352.13,74.07999999999993,0.007356884367415192
武汉,2013,978.52,1122.88,9051.27,5117.43,144.36000000000013,0.0159491430484341
武汉,2012,828.58,885.55,8003.8,4622.96,56.969999999999914,0.007117869012219185
武汉,2011,673.26,765.04,6762.2,4036.23,91.77999999999997,0.013572505989175117
武汉,2010,390.19,583.55,5565.9,3590.56,193.35999999999996,0.03474011390790348
武汉,2009,316.07,503.64,4621.0,3010.11,187.57,0.04059078121618697
武汉,2008,277.32,377.88,3960.08,2428.02,100.56,0.025393426395426355
武汉,2007,221.68,307.23,3141.9,1949.07,85.55000000000001,0.027228746936567048
武汉,2006,178.6,257.81,2590.76,1887.73,79.21000000000001,0.030574040050023933
沈阳,2024,825.58,1160.69,9027.14,15132.0,335.11,0.03712249948488669
沈阳,2023,800.85,1084.06,8122.0,13894.74,283.2099999999999,0.03486949027333168
沈阳,2022,713.67,1053.59,7695.8,12473.97,339.91999999999996,0.044169547025650346
沈阳,2021,773.02,1032.5,7249.0,11057.27,259.48,0.03579528210787695
沈阳,2020,736.08,1074.05,6572.0,10329.86,337.9699999999999,0.05142574558734022
沈阳,2019,730.29,1047.65,6470.0,8337.61,317.3600000000001,0.04905100463678518
沈阳,2018,720.64,965.44,6292.4,7288.14,244.80000000000007,0.038904074756849545
沈阳,2017,656.24,855.02,5864.97,6495.25,198.77999999999997,0.0338927564846879
沈阳,2016,620.95,825.39,5546.45,6145.55,204.43999999999994,0.03685961290555219
沈阳,2015,606.24,808.58,7272.31,5769.3,202.34000000000003,0.027823346364497667
沈阳,2014,785.5,914.37,7098.71,5147.63,128.87,0.018154002628646613
沈阳,2013,801.0,881.28,7158.57,4765.48,80.27999999999997,0.011214530276298196
沈阳,2012,715.04,766.09,6602.6,4318.84,51.05000000000007,0.007731802623209049
沈阳,2011,620.12,639.29,5915.71,3729.47,19.16999999999996,0.0032405239607756226
沈阳,2010,465.35,516.62,5017.5,3338.23,51.26999999999998,0.01021823617339312
沈阳,2009,320.21,475.88,4269.0,2948.54,155.67000000000002,0.03646521433591005
沈阳,2008,291.04,406.74,3860.47,2471.78,115.69999999999999,0.029970444013293716
沈阳,2007,230.81,339.68,3221.15,1967.83,108.87,0.03379848811759775
沈阳,2006,175.63,268.76,2519.63,1921.98,93.13,0.03696177613379742
济南,2024,1083.05,1397.15,13527.55,13283.87,314.10000000000014,0.023219282131649865
济南,2023,1060.82,1365.29,12757.0,11806.38,304.47,0.023866896605785063
济南,2022,1001.14,1225.57,12027.46,10226.27,224.42999999999995,0.018659800157306693
济南,2021,1007.61,1293.08,11432.22,8558.43,285.4699999999999,0.024970653118991756
济南,2020,906.08,1288.8,10141.0,7584.12,382.7199999999999,0.03773986786312986
济南,2019,874.19,1197.32,9443.0,6438.09,323.1299999999999,0.034218998199724654
济南,2018,752.82,1018.25,7856.56,5008.08,265.42999999999995,0.03378450619609599
济南,2017,677.21,834.06,7201.96,4465.73,156.8499999999999,0.021778793550644535
济南,2016,641.22,741.26,6536.12,4279.95,100.03999999999996,0.015305716541311966
济南,2015,614.32,658.18,6100.23,3951.42,43.8599999999999,0.007189892840106013
济南,2014,543.13,571.41,5770.6,3541.36,28.279999999999973,0.0049007035663535805
济南,2013,482.07,519.32,5230.19,3267.78,37.25000000000006,0.007122112198600827
济南,2012,380.82,465.67,4803.7,2888.74,84.85000000000002,0.017663467743614304
济南,2011,325.42,396.88,4406.29,2427.48,71.45999999999998,0.01621772511568689
济南,2010,266.13,336.8,3910.5,2187.68,70.67000000000002,0.018071857818693266
济南,2009,210.19,259.92,3351.0,1911.53,49.73000000000002,0.01484034616532379
济南,2008,186.02,221.32,3017.42,1588.53,35.29999999999998,0.011698736006256994
济南,2007,157.02,179.98,2562.81,1266.66,22.95999999999998,0.008958916189651195
济南,2006,128.44,146.98,2185.09,1182.57,18.539999999999992,0.008484776370767333
海口,2024,258.26,372.07,2470.63,3154.84,113.81,0.04606517366015955
海口,2023,266.87,369.54,2358.0,2875.3,102.67000000000002,0.04354113655640374
海口,2022,204.82,332.68,2134.77,2544.82,127.86000000000001,0.0598940401073652
海口,2021,208.32,274.26,2057.06,2222.01,65.94,0.03205545778927207
海口,2020,186.05,307.08,1792.0,2034.63,121.02999999999997,0.06753906249999998
海口,2019,185.34,265.86,1672.0,1838.69,80.52000000000001,0.048157894736842115
海口,2018,169.88,238.25,1510.51,1706.5,68.37,0.04526285823993221
海口,2017,125.36,198.32,1390.58,3790.1,72.96,0.05246731579628644
海口,2016,115.51,200.3,1257.67,1445.49,84.79,0.06741832118123196
海口,2015,111.5,170.93,1161.96,1262.06,59.43000000000001,0.051146338944541986
海口,2014,100.12,150.92,1091.7,1119.48,50.79999999999998,0.0465329302922048
海口,2013,86.73,132.0,904.64,1062.1,45.269999999999996,0.05004200565970993
海口,2012,73.17,113.85,818.8,952.15,40.67999999999999,0.04968246213971665
海口,2011,60.93,99.43,713.3,852.1,38.50000000000001,0.05397448478900885
海口,2010,50.37,78.99,595.1,772.03,28.619999999999997,0.048092757519744574
海口,2009,38.44,66.61,490.0,610.29,28.17,0.05748979591836735
海口,2008,31.03,46.79,443.18,528.46,15.759999999999998,0.035561171533011415
海口,2007,44.85,43.21,393.69,430.95,-1.6400000000000006,-0.004165714140567453
海口,2006,21.13,32.25,350.12,406.96,11.120000000000001,0.03176053924368788
深圳,2024,3914.18,4700.87,36801.87,30759.06,786.69,0.02137635940782357
深圳,2023,4112.78,5012.07,34606.0,27342.4,899.29,0.025986534127029993
深圳,2022,4012.44,4997.38,32387.68,24610.06,984.94,0.030410946384551163
深圳,2021,4257.7,4570.22,30664.85,20532.31,312.52000000000044,0.010191473299233502
深圳,2020,3857.39,4177.72,27670.0,18674.43,320.3300000000004,0.011576797976147466
深圳,2019,3773.38,4552.73,26927.0,16010.77,779.3499999999995,0.028943068295762597
深圳,2018,3538.41,4282.54,24221.98,13478.94,744.1300000000001,0.030721270515457453
深圳,2017,3332.13,4593.8,22490.06,10837.59,1261.67,0.05609900551621472
深圳,2016,3136.49,4211.04,19492.6,10391.14,1074.5500000000002,0.05512604783353684
深圳,2015,2726.85,3521.67,17502.86,9680.24,794.8200000000002,0.04541086428160884
深圳,2014,2082.44,2166.14,16001.82,9974.01,83.69999999999982,0.005230655012992261
深圳,2013,1731.26,1690.83,14500.23,9289.37,-40.430000000000064,-0.0027882316349464847
深圳,2012,1482.08,1565.71,12950.1,8389.06,83.63000000000011,0.0064578651902302
深圳,2011,1339.57,1590.56,11505.53,7427.64,250.99,0.021814727352846848
深圳,2010,1106.82,1265.27,9581.5,6717.05,158.45000000000005,0.0165370766581433
深圳,2009,880.82,1000.84,8201.0,5723.76,120.01999999999998,0.014634800634069014
深圳,2008,800.36,889.86,7806.54,4905.93,89.5,0.011464746225600586
深圳,2007,658.06,727.96,6801.57,3792.59,69.90000000000009,0.010277038977765442
深圳,2006,500.88,571.42,5813.56,3744.7,70.53999999999996,0.01213370120889781
石家庄,2024,746.08,1274.69,8203.44,14831.04,528.61,0.06443760178656759
石家庄,2023,737.89,1274.83,7534.0,13553.97,536.9399999999999,0.07126891425537563
石家庄,2022,692.16,1250.43,7100.64,11671.06,558.2700000000001,0.07862249036706552
石家庄,2021,681.36,1152.74,6490.3,9858.04,471.38,0.07262838389596783
石家庄,2020,632.19,1142.23,5935.0,8774.58,510.03999999999996,0.08593765796124683
石家庄,2019,569.13,1051.39,5810.0,7630.02,482.2600000000001,0.08300516351118763
石家庄,2018,519.68,991.61,6082.62,6473.25,471.93000000000006,0.07758663207630924
石家庄,2017,460.89,806.73,6460.88,5641.62,345.84000000000003,0.05352831193273982
石家庄,2016,410.72,746.12,5927.73,5348.2,335.4,0.05658152446214656
石家庄,2015,375.05,682.39,5440.6,4868.93,307.34,0.05649009300444803
石家庄,2014,343.47,566.49,5170.27,4387.67,223.01999999999998,0.04313507805201662
石家庄,2013,315.12,522.94,4863.66,4157.6,207.82000000000005,0.042729138138767934
石家庄,2012,272.28,464.09,4500.2,3735.5,191.81,0.04262255010888405
石家庄,2011,221.23,403.54,4082.68,3243.58,182.31000000000003,0.04465449165744071
石家庄,2010,163.63,305.16,3401.0,2920.4,141.53000000000003,0.04161423110849751
石家庄,2009,125.96,240.92,3001.0,2567.46,114.96,0.038307230923025654
石家庄,2008,110.04,193.79,2838.37,2180.17,83.74999999999999,0.029506371614694344
石家庄,2007,95.87,163.17,2360.72,1694.72,67.29999999999998,0.02850825171981429
石家庄,2006,77.37,128.25,2026.63,1553.24,50.879999999999995,0.025105717373176156
福州,2024,750.5,1025.48,14236.76,11461.16,274.98,0.019314787915227904
福州,2023,754.08,1004.9,12928.0,10414.64,250.81999999999994,0.01940129950495049
福州,2022,698.52,1006.09,12308.23,9029.08,307.57000000000005,0.024988970794338428
福州,2021,749.85,925.26,11324.48,7493.04,175.40999999999997,0.015489452937353413
福州,2020,675.61,951.4,10020.0,6951.54,275.78999999999996,0.02752395209580838
福州,2019,668.08,949.76,9392.0,6027.11,281.67999999999995,0.02999148211243611
福州,2018,680.38,924.76,7856.81,5053.29,244.38,0.03110422677906173
福州,2017,634.16,938.86,7103.4,4385.3,304.70000000000005,0.04289495171326408
福州,2016,598.91,829.93,6197.64,4087.54,231.01999999999998,0.037275479053317066
福州,2015,560.46,725.93,5618.08,3685.23,165.4699999999999,0.029453122775040568
福州,2014,510.87,574.81,5169.16,3483.72,63.93999999999994,0.012369514582640108
福州,2013,453.97,533.84,4678.5,3296.65,79.87,0.017071711018488832
福州,2012,382.02,410.73,4218.3,2939.46,28.710000000000036,0.006806059312993394
福州,2011,320.04,363.3,3736.38,2550.77,43.25999999999999,0.011578051482986204
福州,2010,247.82,262.42,3123.4,2329.09,14.600000000000023,0.004674393289364162
福州,2009,195.26,205.09,2604.0,2048.27,9.830000000000013,0.0037749615975422473
福州,2008,168.86,178.2,2284.16,1709.9,9.339999999999975,0.0040890305407677114
福州,2007,146.56,143.09,1974.58,1375.37,-3.469999999999999,-0.0017573357372200665
福州,2006,115.62,110.06,1664.05,1311.38,-5.560000000000002,-0.003341245755836665
西宁,2024,134.46,400.98,1862.09,2774.29,266.52,0.143129494277935
西宁,2023,144.09,418.75,1801.0,2512.76,274.65999999999997,0.15250416435313713
西宁,2022,131.72,339.04,1644.35,2204.27,207.32000000000002,0.12608021406634842
西宁,2021,153.87,343.8,1548.79,1895.2,189.93,0.12263121533584283
西宁,2020,133.51,329.51,1373.0,1723.88,196.0,0.14275309541150766
西宁,2019,101.79,328.04,1328.0,1548.93,226.25,0.17036897590361447
西宁,2018,92.94,297.48,1286.41,1436.77,204.54000000000002,0.15900062965928438
西宁,2017,79.16,288.37,1284.91,1339.19,209.21,0.16282074230879984
西宁,2016,75.22,287.81,1248.17,1267.18,212.59,0.17032135045706914
西宁,2015,94.79,280.03,1131.62,1160.33,185.23999999999995,0.1636945264311341
西宁,2014,83.88,248.14,1065.78,1093.09,164.26,0.15412186379928314
西宁,2013,67.11,207.57,978.53,972.5,140.45999999999998,0.14354184337731085
西宁,2012,54.77,185.32,851.1,823.15,130.54999999999998,0.15338973093643518
西宁,2011,45.25,150.04,770.7,680.06,104.78999999999999,0.13596730245231606
西宁,2010,34.52,108.92,628.3,576.11,74.4,0.11841477001432439
西宁,2009,28.15,85.12,501.0,480.22,56.970000000000006,0.11371257485029941
西宁,2008,23.45,67.25,422.19,395.62,43.8,0.10374475946848574
西宁,2007,18.41,45.05,342.46,297.09,26.639999999999997,0.07779010687379548
西宁,2006,14.16,34.31,281.61,272.79,20.150000000000002,0.07155285678775612
西安,2024,1002.36,1561.85,13317.78,18529.91,559.4899999999999,0.0420107555463448
西安,2023,951.92,1730.47,12011.0,16568.71,778.5500000000001,0.0648197485638165
西安,2022,834.08,1569.81,11486.51,14505.38,735.7299999999999,0.06405165711778424
西安,2021,856.0,1474.62,10688.28,11996.54,618.6199999999999,0.05787834899534816
西安,2020,724.14,1347.58,10020.0,10913.05,623.4399999999999,0.062219560878243506
西安,2019,702.56,1247.02,9321.0,9553.93,544.46,0.05841218753352645
西安,2018,684.7,1151.87,8349.86,8360.33,467.16999999999985,0.05594944106847298
西安,2017,654.5,1045.09,7469.85,7497.3,390.5899999999999,0.052288867915687716
西安,2016,641.07,942.52,6257.18,7035.81,301.44999999999993,0.04817665465912758
西安,2015,650.99,917.24,5801.2,6571.18,266.25,0.04589567675653313
西安,2014,583.79,819.54,5492.64,5687.49,235.75,0.04292107256255644
西安,2013,501.98,729.81,4884.13,5357.05,227.82999999999993,0.046646997520541
西安,2012,396.96,597.49,4366.1,4787.03,200.53000000000003,0.04592886099722865
西安,2011,318.55,494.58,3864.21,4155.65,176.02999999999997,0.045553942461719205
西安,2010,241.86,371.62,3241.5,3677.77,129.76,0.04003084991516273
西安,2009,181.4,276.85,2724.0,3084.2,95.45000000000002,0.03504038179148312
西安,2008,145.61,226.99,2190.04,2504.41,81.38,0.03715913864586948
西安,2007,112.92,161.25,1763.73,1997.56,48.33,0.027402153390825124
西安,2006,85.89,119.22,1473.68,1950.53,33.33,0.022616850333858095
贵阳,2024,434.09,693.05,5777.41,5664.62,258.96,0.044822853146998395
贵阳,2023,446.2,778.61,5155.0,5195.82,332.41,0.06448302618816683
贵阳,2022,402.16,727.45,4921.17,4646.48,325.29,0.06610013472405953
贵阳,2021,403.72,633.41,4711.03,4008.76,229.68999999999994,0.04875579225774405
贵阳,2020,398.13,678.16,4312.0,3634.58,280.03,0.06494202226345083
贵阳,2019,417.26,718.82,4040.0,3164.12,301.56000000000006,0.07464356435643565
贵阳,2018,411.34,624.22,3798.45,2835.74,212.88000000000005,0.05604391264858036
贵阳,2017,377.85,582.48,3537.96,2646.09,204.63,0.057838415358002916
贵阳,2016,366.32,525.26,3157.7,2229.76,158.94,0.05033410393640941
贵阳,2015,374.1,503.52,2891.16,2250.6,129.41999999999996,0.04476403934752832
贵阳,2014,331.6,448.63,2497.27,2010.58,117.02999999999997,0.04686317458664861
贵阳,2013,277.21,393.6,2085.42,1827.14,116.39000000000004,0.05581129940251846
贵阳,2012,241.19,349.33,1700.3,1498.2,108.13999999999999,0.0636005410809857
贵阳,2011,187.09,277.38,1383.07,1251.04,90.28999999999999,0.06528230675236972
贵阳,2010,136.3,204.38,1121.8,1088.7,68.07999999999998,0.06068817971117845
贵阳,2009,105.36,169.84,972.0,921.94,64.48,0.06633744855967079
贵阳,2008,88.99,142.28,811.05,767.05,53.290000000000006,0.06570495037297332
贵阳,2007,75.92,106.43,693.72,614.15,30.510000000000005,0.0439802802283342
贵阳,2006,61.58,88.23,602.88,582.2,26.650000000000006,0.044204485138004256
郑州,2024,1155.04,1525.71,14532.07,14353.23,370.6700000000001,0.025507033753622167
郑州,2023,1165.85,1519.62,13618.0,12886.07,353.77,0.025978117197826407
郑州,2022,1130.79,1456.41,12934.7,11393.49,325.6200000000001,0.025174143969322837
郑州,2021,1223.63,1624.44,12691.02,9829.94,400.80999999999995,0.03158217385206232
郑州,2020,1259.21,1720.18,12004.0,8961.78,460.97,0.038401366211262916
郑州,2019,1222.53,1910.67,11590.0,7957.04,688.1400000000001,0.05937359792924936
郑州,2018,1152.06,1763.34,10143.32,7157.32,611.28,0.06026429216469558
郑州,2017,1056.67,1514.95,9130.2,6538.23,458.28,0.05019386212788328
郑州,2016,1011.18,1321.53,8113.97,6297.63,310.35,0.038248847358321514
郑州,2015,942.9,1106.02,7311.52,5695.49,163.12,0.022309998468170777
郑州,2014,833.88,918.51,6776.99,4839.26,84.63,0.012487844898693963
郑州,2013,723.61,816.16,6201.9,4475.32,92.54999999999995,0.014922846224544085
郑州,2012,606.65,700.7,5549.8,3845.46,94.05000000000007,0.01694655663267146
郑州,2011,502.32,566.58,4979.85,3252.15,64.26000000000005,0.012904003132624485
郑州,2010,386.8,426.8,4040.9,2911.0,40.0,0.00989878492415056
郑州,2009,301.92,353.05,3308.0,2511.17,51.129999999999995,0.015456469165659008
郑州,2008,260.39,289.5,3003.99,2067.22,29.110000000000014,0.009690445041428238
郑州,2007,219.52,240.68,2486.75,1658.71,21.159999999999997,0.008509098220569014
郑州,2006,176.03,187.66,2013.48,1620.72,11.629999999999995,0.005776069292965411
重庆,2024,2595.55,5621.21,32046.7,31881.94,3025.66,0.09441408943822609
重庆,2023,2440.77,5304.56,30614.3,28899.0,2863.7900000000004,0.09354419339981644
重庆,2022,2103.42,4892.77,28771.8,25459.0,2789.3500000000004,0.09694735817710398
重庆,2021,2285.45,4835.06,28092.5,22239.89,2549.6100000000006,0.09075767553617516
重庆,2020,2094.85,4893.95,25158.1,20209.8,2799.1,0.11126038929807895
重庆,2019,2134.93,4847.68,23689.6,17860.4,2712.7500000000005,0.1145122754288802
重庆,2018,2265.54,4540.95,21866.8,15907.23,2275.41,0.104057749647868
重庆,2017,2252.38,4336.28,20260.8,14367.38,2083.8999999999996,0.10285378662244332
重庆,2016,2227.91,4001.81,18271.1,13399.44,1773.9,0.0970877506006754
重庆,2015,2154.83,3792.0,16305.9,12207.28,1637.17,0.10040353491680926
重庆,2014,1922.02,3304.39,14911.7,10774.1,1382.37,0.09270371587411226
重庆,2013,1693.24,3062.28,13275.8,9622.31,1369.0400000000002,0.10312297563988612
重庆,2012,1703.49,3046.36,11797.8,8361.6,1342.8700000000001,0.11382376375256406
重庆,2011,1488.33,2570.24,10314.1,6990.25,1081.9099999999999,0.10489621004256308
重庆,2010,952.07,1709.04,8186.5,5839.66,756.9699999999999,0.09246564465888962
重庆,2009,655.17,1292.09,6744.1,4908.7,636.92,0.09444106700671698
重庆,2008,577.57,1016.01,5978.8,3988.96,438.43999999999994,0.07333244129256705
重庆,2007,442.7,768.39,4837.5,3228.19,325.69,0.06732609819121448
重庆,2006,317.72,594.25,3949.0,2949.05,276.53,0.07002532286654849
银川,2024,208.44,444.46,2939.53,3452.75,236.01999999999998,0.0802917473201498
银川,2023,197.76,438.15,2686.0,3114.73,240.39,0.08949739389426656
银川,2022,168.86,356.55,2535.63,2693.87,187.69,0.07402105196736117
银川,2021,171.19,291.69,2262.95,2323.5,120.5,0.05324907753154069
银川,2020,157.26,332.36,1964.0,2137.48,175.10000000000002,0.08915478615071284
银川,2019,154.71,346.47,1897.0,1867.01,191.76000000000002,0.10108592514496574
银川,2018,173.25,363.28,1901.48,1664.8,190.02999999999997,0.0999379430759198
银川,2017,177.46,341.83,1803.26,1496.94,164.36999999999998,0.09115158102547607
银川,2016,173.2,331.07,1617.71,1391.35,157.87,0.0975885665539559
银川,2015,171.28,309.27,1493.86,1304.97,137.98999999999998,0.09237144042949137
银川,2014,153.6,263.9,1388.62,1089.89,110.29999999999998,0.07943137791476429
银川,2013,134.6,220.53,1289.02,1015.22,85.93,0.06666304634528557
银川,2012,113.13,186.74,1150.9,901.47,73.61000000000001,0.06395864106351552
银川,2011,96.62,147.25,986.68,725.26,50.629999999999995,0.05131349576357076
银川,2010,64.04,119.92,769.4,634.45,55.879999999999995,0.07262802183519625
银川,2009,44.06,72.5,578.0,519.4,28.439999999999998,0.04920415224913494
银川,2008,35.81,63.04,514.11,423.15,27.229999999999997,0.05296531870611347
银川,2007,27.64,48.47,408.6,326.41,20.83,0.050978952520802735
银川,2006,23.61,36.12,335.29,306.38,12.509999999999998,0.03731098452086253
长春,2024,427.48,1056.21,7632.19,11746.76,628.73,0.08237871436638763
长春,2023,576.52,1074.97,7002.0,10750.14,498.45000000000005,0.07118680377035133
长春,2022,459.69,976.67,6744.56,9465.28,516.98,0.07665140498416502
长春,2021,617.09,966.49,7103.1,8257.53,349.4,0.04918979037321732
长春,2020,440.43,1084.14,6638.0,6896.3,643.71,0.09697348598975596
长春,2019,420.02,896.02,5904.0,5889.09,476.0,0.08062330623306233
长春,2018,478.01,894.34,7175.71,4993.24,416.33000000000004,0.05801934582083167
长春,2017,450.08,875.73,6530.03,4566.99,425.65000000000003,0.0651834677635478
长春,2016,415.49,770.57,5986.42,4218.09,355.08000000000004,0.059314247914446366
长春,2015,388.22,765.72,5530.03,3792.78,377.5,0.06826364413936271
长春,2014,397.32,675.84,5342.43,3380.11,278.52000000000004,0.052133579663186984
长春,2013,381.82,632.97,5003.18,3107.16,251.15000000000003,0.05019807402492015
长春,2012,340.8,555.51,4456.6,2767.38,214.70999999999998,0.04817798321590449
长春,2011,288.63,518.68,4003.08,2337.78,230.04999999999995,0.057468249447925085
长春,2010,180.85,382.93,3329.0,2062.72,202.08,0.060702913787924306
长春,2009,142.65,306.01,2849.0,1834.16,163.35999999999999,0.05733941733941733
长春,2008,119.03,240.33,2561.9,1507.39,121.30000000000001,0.047347671649947305
长春,2007,93.3,181.56,2089.09,1202.08,88.26,0.042248060160165433
长春,2006,71.59,146.67,1741.19,1174.6,75.07999999999998,0.04311993521671959
长沙,2024,1264.54,1663.94,15268.78,12423.85,399.4000000000001,0.026157951060923012
长沙,2023,1227.07,1626.83,14332.0,11132.35,399.76,0.02789282723974323
长沙,2022,1202.0,1566.26,13966.11,9703.39,364.26,0.026081707791217452
长沙,2021,1188.31,1541.59,13270.7,8245.94,353.28,0.026621052393619022
长沙,2020,1100.09,1501.23,12143.0,7501.64,401.1400000000001,0.03303467018035083
长沙,2019,950.23,1425.98,11574.0,6530.52,475.75,0.041105063072403664
长沙,2018,879.71,1300.79,11003.41,5692.08,421.0799999999999,0.03826813687756795
长沙,2017,800.35,1182.6,10535.51,5200.21,382.2499999999999,0.03628205943518632
长沙,2016,743.7,1041.43,9356.91,4868.64,297.73,0.03181926512064346
长沙,2015,718.95,925.0,8510.13,4348.55,206.04999999999995,0.024212321080876554
长沙,2014,632.8,802.38,7824.81,3866.79,169.58000000000004,0.021672091718520966
长沙,2013,536.63,701.82,7153.13,3482.97,165.19000000000005,0.02309338709068618
长沙,2012,490.65,624.62,6399.9,2981.31,133.97000000000003,0.02093313958030595
长沙,2011,425.78,520.89,5619.33,2526.93,95.11000000000001,0.01692550535384112
长沙,2010,314.28,403.33,4547.1,2172.08,89.05000000000001,0.019583910624353985
长沙,2009,246.33,314.08,3745.0,1881.32,67.74999999999997,0.018090787716955933
长沙,2008,205.57,260.56,3000.98,1494.93,54.99000000000001,0.018324014155375913
长沙,2007,174.58,218.17,2190.25,1177.17,43.589999999999975,0.01990183768976143
长沙,2006,132.83,167.19,1798.96,1093.04,34.359999999999985,0.019099924400764877
青岛,2024,1339.26,1720.42,16719.46,14168.14,381.1600000000001,0.02279738699694847
青岛,2023,1337.86,1718.8,15760.0,12758.57,380.94000000000005,0.02417131979695432
青岛,2022,1273.31,1696.17,14920.75,10948.24,422.8600000000001,0.02834039843841631
青岛,2021,1368.3,1706.76,14136.0,9028.24,338.46000000000004,0.02394312393887946
青岛,2020,1253.85,1584.65,12401.0,8030.95,330.8000000000002,0.02667526812353844
青岛,2019,1241.74,1575.97,11741.0,6755.24,334.23,0.028466910825313007
青岛,2018,1231.91,1559.78,12001.52,5913.71,327.8699999999999,0.027319039588318803
青岛,2017,1157.24,1403.03,11037.28,5394.18,245.78999999999996,0.02226907353985764
青岛,2016,1100.03,1352.85,10011.29,5326.33,252.81999999999994,0.02525348881113222
青岛,2015,1006.32,1222.87,9300.07,5023.59,216.54999999999984,0.02328477097484211
青岛,2014,895.25,1074.71,8692.1,4435.9,179.46000000000004,0.020646334027450218
青岛,2013,788.93,1014.23,8006.6,4140.59,225.30000000000007,0.02813928508980092
青岛,2012,670.18,765.98,7302.1,3757.6,95.80000000000007,0.013119513564591017
青岛,2011,566.14,658.06,6615.6,3198.51,91.91999999999996,0.013894431344095766
青岛,2010,452.61,532.39,5666.2,2912.33,79.77999999999997,0.014079983057428254
青岛,2009,377.01,433.58,4854.0,2527.87,56.56999999999999,0.011654305727235269
青岛,2008,342.44,369.41,4436.18,2123.36,26.970000000000027,0.006079554932396798
青岛,2007,292.8,321.18,3786.52,1702.04,28.379999999999995,0.007495008609488395
青岛,2006,225.99,236.79,3206.58,1567.62,10.799999999999983,0.00336807439702112
